as_of_date,n_listed,n_type,n_listing,n_tradable,n_liquid,n_universe
2019-12-30,916,783,769,760,608,200
2020-01-31,917,784,770,761,609,200
2020-02-28,916,783,770,756,605,200
2020-03-31,915,782,771,756,605,200
2020-04-29,912,781,771,754,603,200
2020-05-29,913,782,771,756,605,200
2020-06-30,910,780,770,759,607,200
2020-07-31,908,779,768,760,608,200
2020-08-31,912,779,768,756,605,200
2020-09-29,914,780,768,755,604,200
2020-10-30,915,781,771,759,607,200
2020-11-30,917,783,776,764,611,200
2020-12-30,917,783,775,760,608,200
2021-01-29,919,784,776,765,612,200
2021-02-26,921,786,776,764,611,200
2021-03-31,923,788,776,757,605,200
2021-04-30,922,787,775,751,601,200
2021-05-31,927,790,776,758,606,200
2021-06-30,927,790,776,758,606,200
2021-07-30,929,792,777,760,608,200
2021-08-31,935,797,776,759,607,200
2021-09-30,938,799,777,762,609,200
2021-10-29,939,800,778,763,610,200
2021-11-30,941,801,779,767,613,200
2021-12-30,943,801,780,768,614,200
2022-01-28,941,800,779,769,615,200
2022-02-28,940,799,780,768,614,200
2022-03-31,940,798,781,769,615,200
2022-04-29,940,798,781,760,608,200
2022-05-31,941,798,783,770,616,200
2022-06-30,941,798,784,771,617,200
2022-07-29,937,797,785,773,618,200
2022-08-31,939,799,791,780,624,200
2022-09-30,939,799,793,784,627,200
2022-10-31,940,799,794,784,627,200
2022-11-30,942,801,795,782,625,200
2022-12-29,943,802,796,784,627,200
2023-01-31,945,803,796,783,626,200
2023-02-28,943,801,795,785,628,200
2023-03-31,946,802,795,784,627,200
2023-04-28,948,803,794,767,613,200
2023-05-31,950,805,794,772,617,200
2023-06-30,953,808,794,773,618,200
2023-07-31,949,809,794,778,622,200
2023-08-31,950,810,795,773,618,200
2023-09-27,951,811,795,774,619,200
2023-10-31,952,812,795,773,618,200
2023-11-30,952,813,795,779,623,200
2023-12-28,953,814,796,781,625,200
2024-01-31,953,815,796,780,624,200
2024-02-29,954,816,797,777,621,200
2024-03-29,954,816,796,772,617,200
2024-04-30,953,816,799,776,621,200
2024-05-31,953,816,798,780,624,200
2024-06-28,954,817,803,782,625,200
2024-07-31,957,819,802,782,625,200
2024-08-30,958,820,805,782,625,200
2024-09-30,959,821,806,782,625,200
2024-10-31,958,820,806,785,628,200
2024-11-29,960,821,807,784,627,200
2024-12-30,961,822,807,786,629,200
2025-01-31,961,822,809,789,631,200
2025-02-28,961,822,809,790,632,200
2025-03-31,963,824,810,785,628,200
2025-04-30,962,823,810,783,626,200
2025-05-30,962,823,810,784,627,200
2025-06-30,962,823,810,785,628,200
2025-07-31,961,822,811,786,629,200
2025-08-29,961,823,813,786,629,200
2025-09-30,958,820,811,783,626,200
2025-10-31,958,820,811,781,625,200
2025-11-28,958,820,810,779,623,200
