Code,name,first_date,last_date,exited,months_in_universe
000020,동화약품,2018-01-02,2025-12-30,False,1
000060,메리츠화재,2018-01-02,2023-02-20,True,37
000070,삼양홀딩스,2018-01-02,2025-12-30,False,1
000080,하이트진로,2018-01-02,2025-12-30,False,72
000100,유한양행,2018-01-02,2025-12-30,False,71
000120,CJ대한통운,2018-01-02,2025-12-30,False,72
000150,두산,2018-01-02,2025-12-30,False,70
000210,DL,2018-01-02,2025-12-30,False,53
000240,한국앤컴퍼니,2018-01-02,2025-12-30,False,72
000270,기아,2018-01-02,2025-12-30,False,72
000400,롯데손해보험,2018-01-02,2025-12-30,False,3
000500,가온전선,2018-01-02,2025-12-30,False,5
000640,동아쏘시오홀딩스,2018-01-02,2025-12-30,False,7
000660,SK하이닉스,2018-01-02,2025-12-30,False,72
000670,영풍,2018-01-02,2025-12-30,False,52
000720,현대건설,2018-01-02,2025-12-30,False,72
000810,삼성화재,2018-01-02,2025-12-30,False,72
000880,한화,2018-01-02,2025-12-30,False,72
000990,DB하이텍,2018-01-02,2025-12-30,False,72
001040,CJ,2018-01-02,2025-12-30,False,72
001060,JW중외제약,2018-01-02,2025-12-30,False,10
001120,LX인터내셔널,2018-01-02,2025-12-30,False,61
001230,동국홀딩스,2018-01-02,2025-12-30,False,28
001430,세아베스틸지주,2018-01-02,2025-12-30,False,11
001440,대한전선,2018-01-02,2025-12-30,False,60
001450,현대해상,2018-01-02,2025-12-30,False,72
001530,DI동일,2018-01-02,2025-12-30,False,4
001570,금양,2018-01-02,2025-12-30,False,29
001630,종근당홀딩스,2018-01-02,2025-12-30,False,4
001680,대상,2018-01-02,2025-12-30,False,17
001720,신영증권,2018-01-02,2025-12-30,False,20
001740,SK네트웍스,2018-01-02,2025-12-30,False,64
001800,오리온홀딩스,2018-01-02,2025-12-30,False,62
001820,삼화콘덴서,2018-01-02,2025-12-30,False,2
002320,한진,2018-01-02,2025-12-30,False,1
002350,넥센타이어,2018-01-02,2025-12-30,False,4
002380,KCC,2018-01-02,2025-12-30,False,70
002710,TCC스틸,2018-01-02,2025-12-30,False,20
002790,아모레퍼시픽홀딩스,2018-01-02,2025-12-30,False,72
002840,미원상사,2018-01-02,2025-12-30,False,15
003000,부광약품,2018-01-02,2025-12-30,False,23
003030,세아제강지주,2018-01-02,2025-12-30,False,11
003090,대웅,2018-01-02,2025-12-30,False,64
003230,삼양식품,2018-01-02,2025-12-30,False,47
003240,태광산업,2018-01-02,2025-12-30,False,33
003410,쌍용C&E,2018-01-02,2024-07-08,True,52
003490,대한항공,2018-01-02,2025-12-30,False,72
003520,영진약품,2018-01-02,2025-12-30,False,24
003530,한화투자증권,2018-01-02,2025-12-30,False,18
003540,대신증권,2018-01-02,2025-12-30,False,17
003550,LG,2018-01-02,2025-12-30,False,70
003570,SNT다이내믹스,2018-01-02,2025-12-30,False,10
003580,HLB글로벌,2018-01-02,2025-12-30,False,3
003620,KG모빌리티,2018-01-02,2025-12-30,False,19
003670,포스코퓨처엠,2019-05-29,2025-12-30,False,66
003690,코리안리,2018-01-02,2025-12-30,False,72
003850,보령,2018-01-02,2025-12-30,False,26
004000,롯데정밀화학,2018-01-02,2025-12-30,False,67
004020,현대제철,2018-01-02,2025-12-30,False,72
004170,신세계,2018-01-02,2025-12-30,False,72
004370,농심,2018-01-02,2025-12-30,False,72
004490,세방전지,2018-01-02,2025-12-30,False,31
004690,삼천리,2018-01-02,2025-12-30,False,7
004800,효성,2018-01-02,2025-12-30,False,61
004990,롯데지주,2018-01-02,2025-12-30,False,72
005070,코스모신소재,2018-01-02,2025-12-30,False,53
005180,빙그레,2018-01-02,2025-12-30,False,7
005250,녹십자홀딩스,2018-01-02,2025-12-30,False,35
005300,롯데칠성,2018-01-02,2025-12-30,False,67
005380,현대차,2018-01-02,2025-12-30,False,72
005420,코스모화학,2018-01-02,2025-12-30,False,20
005440,현대지에프홀딩스,2018-01-02,2025-12-30,False,28
005490,POSCO홀딩스,2018-01-02,2025-12-30,False,72
005610,SPC삼립,2018-01-02,2025-12-30,False,5
005690,파미셀,2018-01-02,2025-12-30,False,19
005830,DB손해보험,2018-01-02,2025-12-30,False,72
005850,에스엘,2018-01-02,2025-12-30,False,68
005880,대한해운,2018-01-02,2025-12-30,False,6
005930,삼성전자,2018-01-02,2025-12-30,False,72
005940,NH투자증권,2018-01-02,2025-12-30,False,72
005950,이수화학,2018-01-02,2025-12-30,False,1
006040,동원산업,2018-01-02,2025-12-30,False,57
006060,화승인더,2018-01-02,2025-12-30,False,3
006110,삼아알미늄,2018-01-02,2025-12-30,False,16
006120,SK디스커버리,2018-01-02,2025-12-30,False,13
006260,LS,2018-01-02,2025-12-30,False,72
006280,녹십자,2018-01-02,2025-12-30,False,72
006360,GS건설,2018-01-02,2025-12-30,False,72
006400,삼성SDI,2018-01-02,2025-12-30,False,72
006650,대한유화,2018-01-02,2025-12-30,False,43
006740,블루산업개발,2018-01-02,2025-12-30,False,5
006800,미래에셋증권,2018-01-02,2025-12-30,False,72
007070,GS리테일,2018-01-02,2025-12-30,False,70
007310,오뚜기,2018-01-02,2025-12-30,False,72
007340,DN오토모티브,2018-01-02,2025-12-30,False,16
007460,에이프로젠,2018-01-02,2025-12-30,False,1
007570,일양약품,2018-01-02,2025-12-30,False,12
007660,이수페타시스,2018-01-02,2025-12-30,False,31
007700,F&F홀딩스,2018-01-02,2025-12-30,False,29
008060,대덕,2018-01-02,2025-12-30,False,4
008350,남선알미늄,2018-01-02,2025-12-30,False,3
008490,서흥,2018-01-02,2025-12-30,False,3
008560,메리츠증권,2018-01-02,2023-04-24,True,40
008730,율촌화학,2018-01-02,2025-12-30,False,7
008770,호텔신라,2018-01-02,2025-12-30,False,72
008930,한미사이언스,2018-01-02,2025-12-30,False,72
009150,삼성전기,2018-01-02,2025-12-30,False,72
009240,한샘,2018-01-02,2025-12-30,False,65
009410,태영건설,2018-01-02,2025-12-30,False,8
009420,한올바이오파마,2018-01-02,2025-12-30,False,65
009450,경동나비엔,2018-01-02,2025-12-30,False,16
009540,HD한국조선해양,2018-01-02,2025-12-30,False,72
009830,한화솔루션,2018-01-02,2025-12-30,False,70
009900,명신산업,2020-12-07,2025-12-30,False,23
009970,영원무역홀딩스,2018-01-02,2025-12-30,False,34
010060,OCI홀딩스,2018-01-02,2025-12-30,False,70
010120,LS ELECTRIC,2018-01-02,2025-12-30,False,72
010130,고려아연,2018-01-02,2025-12-30,False,72
010140,삼성중공업,2018-01-02,2025-12-30,False,70
010620,HD현대미포,2018-01-02,2025-12-12,True,71
010780,아이에스동서,2018-01-02,2025-12-30,False,46
010950,S-Oil,2018-01-02,2025-12-30,False,72
011000,진원생명과학,2018-01-02,2025-12-30,False,19
011070,LG이노텍,2018-01-02,2025-12-30,False,72
011170,롯데케미칼,2018-01-02,2025-12-30,False,72
011200,HMM,2018-01-02,2025-12-30,False,72
011210,현대위아,2018-01-02,2025-12-30,False,72
011780,금호석유화학,2018-01-02,2025-12-30,False,72
011790,SKC,2018-01-02,2025-12-30,False,71
011930,신성이엔지,2018-01-02,2025-12-30,False,1
012330,현대모비스,2018-01-02,2025-12-30,False,72
012450,한화에어로스페이스,2018-01-02,2025-12-30,False,70
012510,더존비즈온,2018-01-02,2025-12-30,False,69
012630,HDC,2018-01-02,2025-12-30,False,11
012750,에스원,2018-01-02,2025-12-30,False,72
013890,지누스,2019-10-30,2025-12-30,False,20
014680,한솔케미칼,2018-01-02,2025-12-30,False,72
014820,동원시스템즈,2018-01-02,2025-12-30,False,58
014830,유니드,2018-01-02,2025-12-30,False,10
015350,부산가스,2018-01-02,2022-01-17,True,1
015760,한국전력,2018-01-02,2025-12-30,False,72
016360,삼성증권,2018-01-02,2025-12-30,False,72
016380,KG스틸,2018-01-02,2025-12-30,False,35
016710,대성홀딩스,2018-01-02,2025-12-30,False,12
017390,서울가스,2018-01-02,2025-12-30,False,13
017670,SK텔레콤,2018-01-02,2025-12-30,False,70
017800,현대엘리베이터,2018-01-02,2025-12-30,False,72
017810,풀무원,2018-01-02,2025-12-30,False,3
017960,한국카본,2018-01-02,2025-12-30,False,8
018250,애경산업,2018-03-22,2025-12-30,False,7
018260,삼성에스디에스,2018-01-02,2025-12-30,False,72
018670,SK가스,2018-01-02,2025-12-30,False,72
018880,한온시스템,2018-01-02,2025-12-30,False,72
019170,신풍제약,2018-01-02,2025-12-30,False,38
019680,대교,2018-01-02,2025-12-30,False,1
020000,한섬,2018-01-02,2025-12-30,False,21
020150,롯데에너지머티리얼즈,2018-01-02,2025-12-30,False,71
020560,아시아나항공,2018-01-02,2025-12-30,False,51
021240,코웨이,2018-01-02,2025-12-30,False,72
022100,포스코DX,2024-01-02,2025-12-30,False,11
023530,롯데쇼핑,2018-01-02,2025-12-30,False,72
023590,다우기술,2018-01-02,2025-12-30,False,46
024110,기업은행,2018-01-02,2025-12-30,False,72
025540,한국단자,2018-01-02,2025-12-30,False,3
026890,스틱인베스트먼트,2018-01-02,2025-12-30,False,2
026960,동서,2018-01-02,2025-12-30,False,72
028050,삼성E&A,2018-01-02,2025-12-30,False,72
028260,삼성물산,2018-01-02,2025-12-30,False,72
028670,팬오션,2018-01-02,2025-12-30,False,72
029780,삼성카드,2018-01-02,2025-12-30,False,72
030000,제일기획,2018-01-02,2025-12-30,False,72
030200,KT,2018-01-02,2025-12-30,False,72
031430,신세계인터내셔날,2018-01-02,2025-12-30,False,35
032350,롯데관광개발,2018-01-02,2025-12-30,False,44
032640,LG유플러스,2018-01-02,2025-12-30,False,72
032830,삼성생명,2018-01-02,2025-12-30,False,72
033270,유나이티드제약,2018-01-02,2025-12-30,False,6
033660,우리금융캐피탈,2018-01-02,2021-08-26,True,7
033780,KT&G,2018-01-02,2025-12-30,False,72
034020,두산에너빌리티,2018-01-02,2025-12-30,False,72
034120,SBS,2018-01-02,2025-12-30,False,2
034220,LG디스플레이,2018-01-02,2025-12-30,False,72
034230,파라다이스,2024-06-24,2025-12-30,False,5
034310,NICE,2018-01-02,2025-12-30,False,11
034730,SK,2018-01-02,2025-12-30,False,72
035250,강원랜드,2018-01-02,2025-12-30,False,72
035420,NAVER,2018-01-02,2025-12-30,False,72
035720,카카오,2018-01-02,2025-12-30,False,71
036420,콘텐트리중앙,2019-10-18,2025-12-30,False,7
036460,한국가스공사,2018-01-02,2025-12-30,False,72
036530,SNT홀딩스,2018-01-02,2025-12-30,False,1
036570,엔씨소프트,2018-01-02,2025-12-30,False,72
039130,하나투어,2018-01-02,2025-12-30,False,35
039490,키움증권,2018-01-02,2025-12-30,False,72
042660,한화오션,2018-01-02,2025-12-30,False,72
042670,HD현대인프라코어,2018-01-02,2025-12-30,False,66
042700,한미반도체,2018-01-02,2025-12-30,False,59
047040,대우건설,2018-01-02,2025-12-30,False,72
047050,포스코인터내셔널,2018-01-02,2025-12-30,False,72
047810,한국항공우주,2018-01-02,2025-12-30,False,72
049770,동원F&B,2018-01-02,2025-07-30,True,9
051600,한전KPS,2018-01-02,2025-12-30,False,72
051900,LG생활건강,2018-01-02,2025-12-30,False,72
051910,LG화학,2018-01-02,2025-12-30,False,72
052690,한전기술,2018-01-02,2025-12-30,False,62
055550,신한지주,2018-01-02,2025-12-30,False,72
057050,현대홈쇼핑,2018-01-02,2025-12-30,False,19
062040,산일전기,2024-07-29,2025-12-30,False,4
064350,현대로템,2018-01-02,2025-12-30,False,72
064960,SNT모티브,2018-01-02,2025-12-30,False,10
066570,LG전자,2018-01-02,2025-12-30,False,72
066970,엘앤에프,2024-01-29,2025-12-30,False,10
068270,셀트리온,2018-02-09,2025-12-30,False,72
069260,TKG휴켐스,2018-01-02,2025-12-30,False,30
069620,대웅제약,2018-01-02,2025-12-30,False,72
069960,현대백화점,2018-01-02,2025-12-30,False,72
071050,한국금융지주,2018-01-02,2025-12-30,False,72
071320,지역난방공사,2018-01-02,2025-12-30,False,1
071840,롯데하이마트,2018-01-02,2025-12-30,False,13
071970,HD현대마린엔진,2018-01-02,2025-12-30,False,11
073240,금호타이어,2018-01-02,2025-12-30,False,68
075580,세진중공업,2018-01-02,2025-12-30,False,2
077970,STX엔진,2018-01-02,2025-12-30,False,5
078930,GS,2018-01-02,2025-12-30,False,72
079160,CJ CGV,2018-01-02,2025-12-30,False,32
079440,오렌지라이프,2018-01-02,2020-02-13,True,1
079550,LIG넥스원,2018-01-02,2025-12-30,False,62
081000,일진다이아,2018-01-02,2025-12-30,False,5
081660,미스토홀딩스,2018-01-02,2025-12-30,False,72
082640,동양생명,2018-01-02,2025-12-30,False,27
082740,한화엔진,2018-01-02,2025-12-30,False,20
085620,미래에셋생명,2018-01-02,2025-12-30,False,21
086280,현대글로비스,2018-01-02,2025-12-30,False,72
086790,하나금융지주,2018-01-02,2025-12-30,False,72
088350,한화생명,2018-01-02,2025-12-30,False,72
089590,제주항공,2018-01-02,2025-12-30,False,22
089860,롯데렌탈,2021-08-19,2025-12-30,False,35
090430,아모레퍼시픽,2018-01-02,2025-12-30,False,72
093370,후성,2018-01-02,2025-12-30,False,48
096770,SK이노베이션,2018-01-02,2025-12-30,False,72
097230,HJ중공업,2018-01-02,2025-12-30,False,5
097950,CJ제일제당,2018-01-02,2025-12-30,False,72
100090,SK오션플랜트,2023-04-19,2025-12-30,False,8
100840,SNT에너지,2018-01-02,2025-12-30,False,1
102460,이연제약,2018-01-02,2025-12-30,False,1
103140,풍산,2018-01-02,2025-12-30,False,55
103590,일진전기,2018-01-02,2025-12-30,False,21
105560,KB금융,2018-01-02,2025-12-30,False,72
105630,한세실업,2018-01-02,2025-12-30,False,13
108320,LX세미콘,2022-11-03,2025-12-30,False,16
108670,LX하우시스,2018-01-02,2025-12-30,False,1
111770,영원무역,2018-01-02,2025-12-30,False,72
112610,씨에스윈드,2018-01-02,2025-12-30,False,70
114090,GKL,2018-01-02,2025-12-30,False,39
115390,락앤락,2018-01-02,2024-12-06,True,7
120110,코오롱인더,2018-01-02,2025-12-30,False,61
128940,한미약품,2018-01-02,2025-12-30,False,72
137310,에스디바이오센서,2021-07-16,2025-12-30,False,40
138040,메리츠금융지주,2018-01-02,2025-12-30,False,72
138930,BNK금융지주,2018-01-02,2025-12-30,False,72
139130,iM금융지주,2018-01-02,2025-12-30,False,72
139480,이마트,2018-01-02,2025-12-30,False,72
145720,덴티움,2018-01-02,2025-12-30,False,29
145990,삼양사,2018-01-02,2025-12-30,False,2
161000,애경케미칼,2018-01-02,2025-12-30,False,3
161390,한국타이어앤테크놀로지,2018-01-02,2025-12-30,False,72
161890,한국콜마,2018-01-02,2025-12-30,False,66
170900,동아에스티,2018-01-02,2025-12-30,False,13
175330,JB금융지주,2018-01-02,2025-12-30,False,72
178920,PI첨단소재,2021-08-09,2025-12-30,False,13
180640,한진칼,2018-01-02,2025-12-30,False,72
181710,NHN,2018-01-02,2025-12-30,False,40
185750,종근당,2018-01-02,2025-12-30,False,68
192080,더블유게임즈,2019-03-12,2025-12-30,False,44
192400,쿠쿠홀딩스,2018-01-02,2025-12-30,False,12
192650,드림텍,2019-03-14,2025-12-30,False,7
192820,코스맥스,2018-01-02,2025-12-30,False,58
195870,해성디에스,2018-01-02,2025-12-30,False,12
204320,HL만도,2018-01-02,2025-12-30,False,72
207940,삼성바이오로직스,2018-01-02,2025-12-30,False,70
210980,SK디앤디,2018-01-02,2025-12-30,False,7
214320,이노션,2018-01-02,2025-12-30,False,37
229640,LS에코에너지,2018-01-02,2025-12-30,False,11
241560,두산밥캣,2018-01-02,2025-12-30,False,72
241590,화승엔터프라이즈,2018-01-02,2025-12-30,False,27
248070,솔루엠,2021-02-02,2025-12-30,False,35
249420,일동제약,2018-01-02,2025-12-30,False,8
251270,넷마블,2018-01-02,2025-12-30,False,72
259960,크래프톤,2021-08-10,2025-12-30,False,40
267250,HD현대,2018-01-02,2025-12-30,False,71
267260,HD현대일렉트릭,2018-01-02,2025-12-30,False,43
267270,HD현대건설기계,2018-01-02,2025-12-30,False,45
268280,미원에스씨,2018-01-02,2025-12-30,False,5
271560,오리온,2018-01-02,2025-12-30,False,72
271940,일진하이솔루스,2021-09-01,2025-12-30,False,14
271980,제일약품,2018-01-02,2025-12-30,False,6
272210,한화시스템,2019-11-13,2025-12-30,False,61
272450,진에어,2018-01-02,2025-12-30,False,11
278470,에이피알,2024-02-27,2025-12-30,False,9
280360,롯데웰푸드,2018-01-02,2025-12-30,False,42
281820,케이씨텍,2018-01-02,2025-12-30,False,2
282330,BGF리테일,2018-01-02,2025-12-30,False,72
284740,쿠쿠홈시스,2018-01-11,2025-12-30,False,22
285130,SK케미칼,2018-01-05,2025-12-30,False,57
286940,롯데이노베이트,2018-07-27,2025-12-30,False,2
294870,HDC현대산업개발,2018-06-12,2025-12-30,False,54
298000,효성화학,2018-07-13,2025-12-30,False,8
298020,효성티앤씨,2018-07-13,2025-12-30,False,60
298040,효성중공업,2018-07-13,2025-12-30,False,30
298050,HS효성첨단소재,2018-07-13,2025-12-30,False,46
300720,한일시멘트,2018-08-06,2025-12-30,False,39
302440,SK바이오사이언스,2021-03-18,2025-12-30,False,45
307950,현대오토에버,2019-03-28,2025-12-30,False,68
316140,우리금융지주,2019-02-13,2025-12-30,False,70
323410,카카오뱅크,2021-08-06,2025-12-30,False,40
326030,SK바이오팜,2020-07-02,2025-12-30,False,53
329180,HD현대중공업,2021-09-17,2025-12-30,False,39
336260,두산퓨얼셀,2019-10-18,2025-12-30,False,62
336370,솔루스첨단소재,2019-10-18,2025-12-30,False,44
344820,KCC글라스,2020-01-21,2025-12-30,False,10
352820,하이브,2020-10-15,2025-12-30,False,50
353200,대덕전자,2020-05-21,2025-12-30,False,41
361610,SK아이이테크놀로지,2021-05-11,2025-12-30,False,43
363280,티와이홀딩스,2020-09-22,2025-12-30,False,11
373220,LG에너지솔루션,2022-01-27,2025-12-30,False,34
375500,DL이앤씨,2021-01-25,2025-12-30,False,47
377300,카카오페이,2021-11-03,2025-12-30,False,36
383220,F&F,2021-05-21,2025-12-30,False,43
402340,SK스퀘어,2021-11-29,2025-12-30,False,36
443060,HD현대마린솔루션,2024-05-08,2025-12-30,False,7
450080,에코프로머티,2023-11-17,2025-12-30,False,13
454910,두산로보틱스,2023-10-05,2025-12-30,False,14
457190,이수스페셜티케미컬,2023-05-31,2025-12-30,False,18
462870,시프트업,2024-07-11,2025-12-30,False,5
489790,한화비전,2024-09-27,2025-12-30,False,2
950210,프레스티지바이오파마,2021-02-05,2025-12-30,False,7
